# chinese	official english (from tbgd TextMapCHS -> TextMapEN)
chinese	official english
全属性抗性穿透提高	All-Type RES PEN Boost
出云显世与高天神国	Izumo Gensei and Takama Divine Realm
持续伤害类负面状态	DoT Debuff
再创天地的救世主	World-Remaking Deliverer
净庭教宗的圣骑士	Knight of Purity Palace
弱点击破效率提高	Weakness Break Efficiency Boost
无主荒星茨冈尼亚	Sigonia, the Unclaimed Desolation
星如我见的领航员	As Navigator Isee Sees It
烈阳惊雷的女武神	Warrior Goddess of Sun and Thunder
筑城者的贝洛伯格	Belobog of the Architects
野穗伴行的快枪手	Musketeer of Wild Wheat
停转的萨尔索图	Inert Salsotto
全属性抗性降低	All-Type RES Reduction
凯歌祝捷的英豪	Hero of Triumphant Song
受到的伤害提高	DMG taken increases
受到的伤害降低	DMG Taken Reduction
哀歌覆国的诗人	Poet of Mourning Collapse
妖精织梦的乐园	Arcadia of Woven Dreams
戍卫风雪的铁卫	Guard of Wuthering Snow
控制类负面状态	Crowd Control debuff
无端命运的机杼	Loom of Fate's Caprice
死水深潜的先驱	Pioneer Diver of Dead Waters
流星追迹的怪盗	Thief of Shooting Meteor
渊思寂虑的巨树	Giant Tree of Rapt Brooding
灼掠幽墟的晦翼	Wings Sweep the Ruins
熔岩锻铸的火匠	Firesmith of Lava-Forging
盗贼公国塔利亚	Talia: Kingdom of Banditry
繁星璀璨的天才	Genius of Brilliant Stars
自匿星芒的隐士	Self-Enshrouded Recluse
苍穹战线格拉默	Firmament Frontline: Glamoth
识海迷坠的学者	Scholar Lost in Erudition
造成的伤害提高	DMG Dealt Boost
风举云飞的勇烈	The Wind-Soaring Valorous
骇域漫游的信使	Messenger Traversing Hackerspace
不老者的仙舟	Fleet of the Ageless
冰刻箭雨之时	Glacial Cascade
击破特攻提高	Break Effect Boost
弱点击破状态	Weakness Break State
效果抵抗提高	Effect RES Boost
暴击伤害提高	CRIT DMG Boost
生命上限提高	Max HP Boost
生命值百分比	HP Percentage
生命的翁瓦克	Sprightly Vonwacq
白昼悄然离去	Day Gently Slips
花与箭的舞曲	Minuet of Blooms and Plumes
解除负面效果	Dispel Debuff
不完全燃烧	Incomplete Combustion
以世界之名	In the Name of the World
作战再部署	Combat Redeployment
制胜的瞬间	Moment of Victory
卡厄斯兰那	Khaslana
又一场葬礼	Yet Another Funeral
太空封印站	Space Sealing Station
奇想蕉乐园	The Wondrous BananAmusement Park
少女的特权	Girl Power
往昔的涟漪	Ripples of Past Reverie
折断的龙骨	Broken Keel
攻击力提高	ATK Boost
施放终结技	Unleash Ultimate
星体差分机	Celestial Differentiator
暴击率提高	CRIT Rate Boost
朗道的选择	Landau's Choice
永续的燃烧	Eternal Ignition
治疗量提高	Outgoing Healing Boost
深寒徘徊者	Frigid Prowler
直冲碎天拳	Sky-Shatter Fist
繁星竞技场	Rutilant Arena
记忆中的它	Memory of It
谧宁拾骨地	Bone Collection's Serene Demesne
迷迷的声援	Mem's Support
防御力提高	DEF Boost
乘胜追击	Victory Rush
以太编码	Aether Code
优势口袋	Pocket Trickshot
你最闪亮	Shining Bright
偷天换日	Sleight of Sky
养精蓄锐	Hone Your Strength
击破伤害	Break DMG
击破特攻	Break Effect
刻律德菈	Cerydra
剧院之帽	Hat of the Theater
动能过载	Kinetic Overload
华彩花腔	Coloratura Cadenza
即兴装饰	Impromptu Flourish
召唤忆灵	Summon Memosprite
固定概率	Fixed Chance
基础概率	Base Chance
增益效果	Buff
天然酵母	Organic Yeast
好活当赏	Certified Banger
将杀王棋	King in Check
布洛妮娅	Bronya
幔亭缭霞	Dripping Mistscape
弑王成王	Kingslayer Be King
弑神登神	Godslayer Be God
抗性穿透	RES PEN
抗性降低	RES decrease
持明龙脉	Vidyadhara Ichor Lines
持续伤害	DoT
效果命中	Effect Hit Rate
效果抵抗	Effect RES
无敌玩家	Godmode Player
时墟铁墓	Ruinous Irontomb
晴空乐手	Summer Songbirds
智剑连心	Soulsteel Sync
暴击伤害	CRIT DMG
月茧之庇	Sanctuary of Mooncocoon
模进乐段	Sequential Passage
次元扑满	Warp Trotter
永冬灾影	Everwinter Shadewalker
求生反应	Survival Response
灼热意志	Magma Will
生命上限	Max HP
画地为牢	Gravitational Imprisonment
白花之刻	Abyss Flower
真实伤害	True DMG
立即行动	Immediate Action
等价交换	Quid Pro Quo
累计获得	Obtain in Total
绝命对峙	Standoff
至暗之谜	Darkest Riddle
至高之姿	Supreme Stance
行动提前	Action Advanced
负债证明	Proof of Debt
负面效果	Debuff
负面状态	Debuff
速度提高	SPD Boost
速度降低	SPD Reduction
酒花奔涌	Nectar Blitz
银鬃尉官	Silvermane Lieutenant
银鬃近卫	Silvermane Soldier
闪耀王冠	Radiant Crown
间隙织线	Seam Stitch
阿哈时刻	Aha Instant
阿格莱雅	Aglaea
附加伤害	Additional DMG
随波逐流	Go With The Algorithm
雨过天晴	After Rain
领航旗语	Navigator's Semaphore
额外回合	Extra Turn
额外获得	Bonus Drop:
鳞渊福泽	Aquatic Benediction
鸣弦号令	Roaring Bowstrings
三月七	March 7th
不死途	Ashveil
倒计时	Countdown
克拉拉	Clara
削韧值	Toughness Reduction
加拉赫	Gallagher
千锻魂	Soul, Tempered ad Mortem
可叠加	Stackable
地狱变	Hellscape
大丽花	The Dahlia
娜塔莎	Natasha
小伊卡	Little Ica
开不败	Best All Blooms
开拓者	Trailblazer
弦外音	Overtone
德谬歌	Demiurge
忘归人	Fugue
战技点	Skill Points
攻击力	ATK
星期日	Sunday
杰帕德	Gepard
桂乃芬	Guinaifen
欢愉技	Elation Skill
波提欧	Boothill
淘气值	Mischievous
瓦尔特	Welt
知更鸟	Robin
穷观阵	Matrix of Prescience
终结技	Ultimate
老主顾	Patron
蒙福者	The Beatified
赛飞儿	Cipher
长夜月	Evernight
防御力	DEF
防火墙	Firewall
隐藏分	Hidden MMR
黑天鹅	Black Swan
万敌	Mydei
丹恒	Dan Heng
乐圮	Shattered Home
乱破	Rappa
云璃	Yunli
亢心	Righteous Heart
伤害	Damage
伴舞	Backup Dancer
你好	Hello
佩拉	Pela
假面	Mask
停云	Tingyun
充能	Charge
先知	Prophet
光锥	Light Cones
免疫	Immunity
其他	Others
军功	Military Merit
冥花	Death Flower
冰咒	Ice Spell
冰锋	Ice Edge
冻结	Frozen
凌霜	Frost Favors the Brave
减伤	DMG Reduction
减速	Slow
刚正	Integrity
功勋	Merit
加护	Reinforce
助力	Help
勇气	Courage
医者	Healer
升格	Apotheosis
协奏	Concerto
卢卡	Luka
发动	Activate
同袍	Bondmate
同谐	Harmony
启行	Departure
命途	Fate
嘲讽	Taunt
回合	Turn
坚韧	Tenacity
增幅	Amplification
大地	Earth
天空	Sky,
天赋	Talent
失重	Weightless
头狼	First Fang
奇袭	Coup de Main
好运	Good Fortune
姬子	Himeko
婪酣	Gluttony
存护	Preservation
守护	Under Protection
家人	Kinship
寒鸦	Hanya
巡猎	The Hunt
师父	Shifu
希儿	Seele
幻相	Figment
开启	Activate
弱点	Weakness
当前	Current
当品	Pawned Asset
彦卿	Yanqing
彩焰	Radiant Flame
忆灵	Memosprite
忆质	Memoria
恢复	Recovering
惊惶	Unnerved
战意	Grit
战技	Skill
承负	Burden
投狭	Bladed Hoop
护盾	Shield
拥有	Owned
推流	Stream Promo
摇滚	Rock 'n' Roll
故事	Story
敕令	Edict
斗志	Fighting Will
时间	Time
易伤	Vulnerability
昔涟	Cyrene
星魂	Eidolons
普攻	Basic ATK
景元	Jing Yuan
智识	Erudition
暖流	Flowing Warmth
月色	Moonlight
月茧	Mooncocoon
月蚀	Eclipse
未来	Future
桑博	Sampo
椒丘	Jiaoqiu
欢愉	Elation
歌咏	Cantillation
死龙	Netherwing
毁伤	Scourge
毁灭	Destruction
泡影	Mirage Fizzle
流光	Luminflux
流萤	Firefly
测试	Test
浪漫	Romantic
浮元	Fuyuan
海洋	Ocean
消耗	Consume
添加	Add
渊环	Loop
温驯	Tame
游丝	Erode
源能	Source Energy
火种	Kindling
火花	Sparxie
灵砂	Lingsha
灼烧	Burn
炽灼	Torrid Scorch
烈阳	Blazing Sun
烬煨	Ashen Roast
爵位	Peerage
爻光	Yao Guang
状态	Status
猎物	Prey
玲可	Lynx
甘霖	Gentle Rain
生息	Invigoration
痛击	Bash
白厄	Phainon
白露	Bailu
目标	Goal
真伤	True DMG
真知	True Knowledge
眩晕	Stunned
砂金	Aventurine
神君	Lightning-Lord
神启	Numinosity
神秀	Empyreanity
禁锢	Imprisonment
禳命	Divine Provision
秘技	Technique
秘策	The Secret Strategy
空白	Blank
笑点	Punchline
符玄	Fu Xuan
等级	Level
米沙	Misha
素裳	Sushang
累计	Total
纠缠	Entanglement
纯洁	Purify
织锦	Brocade
绝境	Desperate Times
绯英	Evanescia
缅怀	Commemoration
缇宝	Tribbie
缘竿	High Poles
翡翠	Jade
能量	Energy
花火	Sparkle
获得	Obtain
葳蕤	Sylvanity
藿藿	Huohuo
虎克	Hook
虔诚	Piety
虚弱	Weaken
血仇	Vendetta
行迹	Traces
衣匠	Garmentmaker
裂伤	Bleed
解形	Formshift
触电	Shock
记忆	Remembrance
诗行	Verse
诡计	Trickery
调理	Recuperation
谜诡	Cipher
转魄	Spectral Transmigration
进入	Enter
迷迷	Mem
追忆	Recollection
退出	Quit
逆鳞	Squama Sacrosancta
通解	Exposed
逾锋	Walking on Knives
遐蝶	Castorice
遗器	Relics
遣将	War Marshal
避厄	Misfortune Avoidance
酣适	Enjoy With Rapture
酩酊	Besotted
醇醉	Befog
鉴知	Knowledge
银枝	Argenti
银狼	Silver Wolf
镜流	Jingliu
长夜	Evey
门径	Passages
队友	Ally
防御	Defense
阵地	Battlefield
阿兰	Arlan
随心	At Will
雷遁	Raiton
青雀	Qingque
额外	Extra
风化	Wind Shear
风口	Updraft
风堇	Hyacine
飞霄	Feixiao
饲饵	Bait
驭空	Yukong
魂迷	Enthrallment
黄泉	Acheron
龙吟	Dragon's Call
