# kind	PascalName
character	Acheron
character	Aglaea
character	Anaxa
character	Argenti
character	Arlan
character	Ashveil
character	Asta
character	Aventurine
character	AventurineWaveflair
character	Bailu
character	BlackSwan
character	Blade
character	Boothill
character	Bronya
character	Castorice
character	Cerydra
character	Cipher
character	Clara
character	Cyrene
character	DanHeng
character	DanHengImbibitorLunae
character	DanHengPermansorTerrae
character	DrRatio
character	Evanescia
character	Evernight
character	Feixiao
character	Firefly
character	FuXuan
character	Fugue
character	Gallagher
character	Gepard
character	Guinaifen
character	Hanya
character	Herta
character	Himeko
character	HimekoNova
character	Hook
character	Huohuo
character	Hyacine
character	Hysilens
character	Jade
character	Jiaoqiu
character	JingYuan
character	Jingliu
character	Kafka
character	Lingsha
character	Luka
character	Luocha
character	Lynx
character	March7th
character	Misha
character	MortenaxBlade
character	Moze
character	Mydei
character	Natasha
character	Pearl
character	Pela
character	Phainon
character	Qingque
character	Rappa
character	Robin
character	RobinSummeretto
character	RuanMei
character	Sampo
character	Seele
character	Serval
character	SilverWolf
character	SilverWolfLV999
character	Sparkle
character	Sparxie
character	Sunday
character	Sushang
character	TheDahlia
character	TheHerta
character	Tingyun
character	TopazNumby
character	Trailblazer
character	Tribbie
character	Welt
character	Xueyi
character	Yanqing
character	YaoGuang
character	Yukong
character	Yunli
lightcone	ADreamScentedInWheat
lightcone	AGroundedAscent
lightcone	ALittleGetaway
lightcone	ASecretVow
lightcone	AStarThatLightsTheNight
lightcone	AThanklessCoronation
lightcone	ATrailOfBygoneBlood
lightcone	Adversarial
lightcone	AfterTheCharmonyFall
lightcone	AlongThePassingShore
lightcone	Amber
lightcone	AnInstantBeforeAGaze
lightcone	Arrows
lightcone	BaptismOfPureThought
lightcone	BeforeDawn
lightcone	BeforeTheTutorialMissionStarts
lightcone	BoundlessChoreo
lightcone	BrighterThanTheSun
lightcone	ButTheBattleIsnTOver
lightcone	CarveTheMoonWeaveTheClouds
lightcone	Chorus
lightcone	CollapsingSky
lightcone	ColorsForTomorrow
lightcone	ConcertForTwo
lightcone	Cornucopia
lightcone	CruisingInTheStellarSea
lightcone	DanceAtSunset
lightcone	DanceDanceDance
lightcone	DartingArrow
lightcone	DataBank
lightcone	DayOneOfMyNewLife
lightcone	DazzledByAFloweryWorld
lightcone	Defense
lightcone	DestinySThreadsForewoven
lightcone	DreamSMontage
lightcone	DreamvilleAdventure
lightcone	EarthlyEscapade
lightcone	EchoesOfTheCoffin
lightcone	ElationBrimmingWithBlessings
lightcone	EpochEtchedInGoldenBlood
lightcone	EternalCalculus
lightcone	EyesOfThePrey
lightcone	Fermata
lightcone	FinalVictor
lightcone	FineFruit
lightcone	FlameOfBloodBlazeMyPath
lightcone	FlamesAfar
lightcone	FlickeringStars
lightcone	FlowingNightglow
lightcone	FlyIntoAPinkTomorrow
lightcone	ForTomorrowSJourney
lightcone	GeniusesGreetings
lightcone	GeniusesRepose
lightcone	GoodNightAndSleepWell
lightcone	HeyOverHere
lightcone	HiddenShadow
lightcone	HolidayThermaeEscapade
lightcone	IAmAsYouBehold
lightcone	IShallBeMyOwnSword
lightcone	IVentureForthToHunt
lightcone	IfTimeWereAFlower
lightcone	InPursuitOfTheWind
lightcone	InTheNameOfTheWorld
lightcone	InTheNight
lightcone	IncessantRain
lightcone	IndeliblePromise
lightcone	InherentlyUnjustDestiny
lightcone	IntoTheUnreachableVeil
lightcone	ItSShowtime
lightcone	JourneyForeverPeaceful
lightcone	LandauSChoice
lightcone	LiesDanceOnTheBreeze
lightcone	LifeShouldBeCastToFlames
lightcone	LingeringTear
lightcone	LongMayRainbowsAdornTheSky
lightcone	LongRoadLeadsHome
lightcone	Loop
lightcone	MakeFarewellsMoreBeautiful
lightcone	MakeTheWorldClamor
lightcone	Mediation
lightcone	MemoriesOfThePast
lightcone	MemorySCurtainNeverFalls
lightcone	MeshingCogs
lightcone	MomentOfVictory
lightcone	Multiplication
lightcone	MushyShroomySAdventures
lightcone	MutualDemise
lightcone	NeverForgetHerFlame
lightcone	NightOfFright
lightcone	NightOnTheMilkyWay
lightcone	NinjaRecordSoundHunt
lightcone	NinjutsuInscriptionDazzlingEvilbreaker
lightcone	NowhereToRun
lightcone	OnTheFallOfAnAeon
lightcone	OnlySilenceRemains
lightcone	Passkey
lightcone	PastAndFuture
lightcone	PastSelfInMirror
lightcone	PatienceIsAllYouNeed
lightcone	PerfectTiming
lightcone	Pioneering
lightcone	PlanetaryRendezvous
lightcone	PoisedToBloom
lightcone	PostOpConversation
lightcone	QuidProQuo
lightcone	RaceToTheHorizon
lightcone	ReforgedInHellfire
lightcone	ReforgedRemembrance
lightcone	Reminiscence
lightcone	ResolutionShinesAsPearlsOfSweat
lightcone	ReturnToDarkness
lightcone	RiseAndSing
lightcone	RiverFlowsInSpring
lightcone	Sagacity
lightcone	SailingTowardsASecondLife
lightcone	ScentAloneStaysTrue
lightcone	SeeYouAtTheEnd
lightcone	Shadowburn
lightcone	ShadowedByNight
lightcone	SharedFeeling
lightcone	ShatteredHome
lightcone	SheAlreadyShutHerEyes
lightcone	SleepLikeTheDead
lightcone	Sneering
lightcone	SolitaryHealing
lightcone	SomethingIrreplaceable
lightcone	SubscribeForMore
lightcone	SummerRidesTheSurf
lightcone	SweatNowCryLess
lightcone	Swordplay
lightcone	TextureOfMemories
lightcone	TheBirthOfTheSelf
lightcone	TheDayTheCosmosFell
lightcone	TheFinaleOfALie
lightcone	TheFlowerRemembers
lightcone	TheForeverVictual
lightcone	TheGreatCosmicEnterprise
lightcone	TheHellWhereIdealsBurn
lightcone	TheMolesWelcomeYou
lightcone	TheSeriousnessOfBreakfast
lightcone	TheStorySNextPage
lightcone	TheUnreachableSide
lightcone	ThisIsMe
lightcone	ThisLoveForever
lightcone	ThoseManySprings
lightcone	ThoughWorldsApart
lightcone	ThusBurnsTheDawn
lightcone	TimeWaitsForNoOne
lightcone	TimeWovenIntoGold
lightcone	ToEvernightSStars
lightcone	TodayIsAnotherPeacefulDay
lightcone	TodaySGoodLuck
lightcone	TomorrowTogether
lightcone	TrendOfTheUniversalMarket
lightcone	UnderTheBlueSky
lightcone	UntilTheFlowersBloomAgain
lightcone	UntoTomorrowSMorrow
lightcone	VictoryInABlink
lightcone	Void
lightcone	WarmthShortensColdNights
lightcone	WeAreWildfire
lightcone	WeWillMeetAgain
lightcone	WelcomeToTheCosmicCity
lightcone	WhatIsReal
lightcone	WhenSheDecidedToSee
lightcone	WhereaboutsShouldDreamsRest
lightcone	WhyDoesTheOceanSing
lightcone	WoofWalkTime
lightcone	WorrisomeBlissful
lightcone	YetHopeIsPriceless
memosprite	Demiurge
memosprite	Evey
memosprite	Garmentmaker
memosprite	LittleIca
memosprite	Mem
memosprite	NetherwingPollux
memosprite	SummerSongbirds
relic	AmphoreusTheEternalLand
relic	ArcadiaOfWovenDreams
relic	AsNavigatorIseeSeesIt
relic	BandOfSizzlingThunder
relic	BelobogOfTheArchitects
relic	BoneCollectionSSereneDemesne
relic	BrokenKeel
relic	CelestialDifferentiator
relic	ChampionOfStreetwiseBoxing
relic	CityOfConvergingStars
relic	CosmicLifeSciencesInstitute
relic	DivineQueryingMasterSmith
relic	DivinerOfDistantReach
relic	DreamlitActor
relic	DuranDynastyOfRunningWolves
relic	EagleOfTwilightLine
relic	EverGloriousMagicalGirl
relic	FallenStarAnchorage
relic	FiresmithOfLavaForging
relic	FirmamentFrontlineGlamoth
relic	FleetOfTheAgeless
relic	ForgeOfTheKalpagniLantern
relic	GeniusOfBrilliantStars
relic	GiantTreeOfRaptBrooding
relic	GuardOfWutheringSnow
relic	HeroOfTriumphantSong
relic	HunterOfGlacialForest
relic	InertSalsotto
relic	IronCavalryAgainstTheScourge
relic	IzumoGenseiAndTakamaDivineRealm
relic	KnightOfPurityPalace
relic	LongevousDisciple
relic	LushakaTheSunkenSeas
relic	MessengerTraversingHackerspace
relic	MusketeerOfWildWheat
relic	PanCosmicCommercialEnterprise
relic	PasserbyOfWanderingCloud
relic	PenaconyLandOfTheDreams
relic	PioneerDiverOfDeadWaters
relic	PoetOfMourningCollapse
relic	PrisonerInDeepConfinement
relic	PunklordeStageZero
relic	RevelryByTheSea
relic	RutilantArena
relic	SacerdosRelivedOrdeal
relic	ScholarLostInErudition
relic	SelfEnshroudedRecluse
relic	SigoniaTheUnclaimedDesolation
relic	SpaceSealingStation
relic	SprightlyVonwacq
relic	TaliaKingdomOfBanditry
relic	TengokuLivestream
relic	TheAshblazingGrandDuke
relic	TheEdaciousHeretic
relic	TheWindSoaringValorous
relic	TheWondrousBananAmusementPark
relic	ThiefOfShootingMeteor
relic	WarriorGoddessOfSunAndThunder
relic	WastelanderOfBanditryDesert
relic	WatchmakerMasterOfDreamMachinations
relic	WavestriderCaptain
relic	WorldRemakingDeliverer
